Name,Nationality,BasePrices in Rs,Winning Bid in Rs,TeamName,Capped/UnCapped
Noor Ahmad  ,Overseas,"2,00,00,000","10,00,00,000", Chennai Super Kings,Capped
Ravichandaran Ashwin,Indian,"2,00,00,000","9,75,00,000", Chennai Super Kings,Capped
Devon Conway  ,Overseas,"2,00,00,000","6,25,00,000", Chennai Super Kings,Capped
Syed Khaleel Ahmed,Indian,"2,00,00,000","4,80,00,000", Chennai Super Kings,Capped
Rachin Ravindra  ,Overseas,"1,50,00,000","4,00,00,000", Chennai Super Kings,Capped
Anshul Kamboj,Indian,"30,00,000","3,40,00,000", Chennai Super Kings,Uncapped
Rahul Tripathi,Indian,"75,00,000","3,40,00,000", Chennai Super Kings,Capped
Sam Curran  ,Overseas,"2,00,00,000","2,40,00,000", Chennai Super Kings,Capped
Gurjapneet Singh,Indian,"30,00,000","2,20,00,000", Chennai Super Kings,Uncapped
Nathan Ellis  ,Overseas,"1,25,00,000","2,00,00,000", Chennai Super Kings,Capped
Deepak Hooda,Indian,"75,00,000","1,70,00,000", Chennai Super Kings,Capped
Jamie Overton  ,Overseas,"1,50,00,000","1,50,00,000", Chennai Super Kings,Capped
Vijay Shankar,Indian,"30,00,000","1,20,00,000", Chennai Super Kings,Uncapped
Vansh Bedi,Indian,"30,00,000","55,00,000", Chennai Super Kings,Uncapped
Andre Siddarth,Indian,"30,00,000","30,00,000", Chennai Super Kings,Uncapped
Shreyas Gopal,Indian,"30,00,000","30,00,000", Chennai Super Kings,Uncapped
Ramakrishna Ghosh,Indian,"30,00,000","30,00,000", Chennai Super Kings,Uncapped
Kamlesh Nagarkoti,Indian,"30,00,000","30,00,000", Chennai Super Kings,Uncapped
Mukesh Choudhary,Indian,"30,00,000","30,00,000", Chennai Super Kings,Uncapped
Shaik Rasheed,Indian,"30,00,000","30,00,000", Chennai Super Kings,Uncapped
KL Rahul,Indian,"2,00,00,000","14,00,00,000", Delhi Capitals,Capped
Mitchell Starc  ,Overseas,"2,00,00,000","11,75,00,000", Delhi Capitals,Capped
T. Natarajan,Indian,"2,00,00,000","10,75,00,000", Delhi Capitals,Capped
Jake Fraser-Mcgurk  ,Overseas,"2,00,00,000","9,00,00,000", Delhi Capitals,Capped
Mukesh Kumar,Overseas,"2,00,00,000","8,00,00,000", Delhi Capitals,Capped
Harry Brook  ,Overseas,"2,00,00,000","6,25,00,000", Delhi Capitals,Capped
Ashutosh Sharma,Indian,"30,00,000","3,80,00,000", Delhi Capitals,Uncapped
Mohit Sharma,Indian,"50,00,000","2,20,00,000", Delhi Capitals,Uncapped
Faf Du Plessis  ,Overseas,"2,00,00,000","2,00,00,000", Delhi Capitals,Capped
Sameer Rizvi,Indian,"30,00,000","95,00,000", Delhi Capitals,Uncapped
Donovan Ferreira  ,Overseas,"75,00,000","75,00,000", Delhi Capitals,Capped
Dushmantha Chameera  ,Overseas,"75,00,000","75,00,000", Delhi Capitals,Capped
Vipraj Nigam,Indian,"30,00,000","50,00,000", Delhi Capitals,Uncapped
Karun Nair,Indian,"30,00,000","50,00,000", Delhi Capitals,Uncapped
Madhav Tiwari,Indian,"30,00,000","40,00,000", Delhi Capitals,Uncapped
Tripurana Vijay,Indian,"30,00,000","30,00,000", Delhi Capitals,Uncapped
Manvanth Kumar L,Indian,"30,00,000","30,00,000", Delhi Capitals,Uncapped
Ajay Mandal,Indian,"30,00,000","30,00,000", Delhi Capitals,Uncapped
Darshan Nalkande,Indian,"30,00,000","30,00,000", Delhi Capitals,Uncapped
Jos  Buttler   ,Overseas,"2,00,00,000","15,75,00,000", Gujarat Titans,Capped
Mohammad Siraj,Indian,"2,00,00,000","12,25,00,000", Gujarat Titans,Capped
Kagiso Rabada  ,Overseas,"2,00,00,000","10,75,00,000", Gujarat Titans,Capped
Prasidh Krishna,Indian,"2,00,00,000","9,50,00,000", Gujarat Titans,Capped
Washington Sundar,Indian,"2,00,00,000","3,20,00,000", Gujarat Titans,Capped
Sherfane Rutherford  ,Overseas,"1,50,00,000","2,60,00,000", Gujarat Titans,Capped
Gerald Coetzee  ,Overseas,"1,25,00,000","2,40,00,000", Gujarat Titans,Capped
Glenn Phillips  ,Overseas,"2,00,00,000","2,00,00,000", Gujarat Titans,Capped
R. Sai Kishore,Overseas,"75,00,000","2,00,00,000", Gujarat Titans,Capped
Mahipal Lomror,Indian,"50,00,000","1,70,00,000", Gujarat Titans,Uncapped
Gurnoor Singh Brar,Indian,"30,00,000","1,30,00,000", Gujarat Titans,Uncapped
Mohd. Arshad Khan,Indian,"30,00,000","1,30,00,000", Gujarat Titans,Uncapped
Karim Janat  ,Overseas,"75,00,000","75,00,000", Gujarat Titans,Capped
Jayant Yadav,Indian,"75,00,000","75,00,000", Gujarat Titans,Capped
Ishant Sharma,Indian,"75,00,000","75,00,000", Gujarat Titans,Capped
Kumar Kushagra,Indian,"30,00,000","65,00,000", Gujarat Titans,Uncapped
Kulwant Khejroliya,Indian,"30,00,000","30,00,000", Gujarat Titans,Uncapped
Manav Suthar,Indian,"30,00,000","30,00,000", Gujarat Titans,Uncapped
Anuj Rawat,Indian,"30,00,000","30,00,000", Gujarat Titans,Uncapped
Nishant Sindhu,Indian,"30,00,000","30,00,000", Gujarat Titans,Uncapped
Venkatesh Iyer,Indian,"2,00,00,000","23,75,00,000", Kolkata Knight Riders,Capped
Anrich Nortje  ,Overseas,"2,00,00,000","6,50,00,000", Kolkata Knight Riders,Capped
Quinton De Kock  ,Overseas,"2,00,00,000","3,60,00,000", Kolkata Knight Riders,Capped
Angkrish Raghuvanshi,Indian,"30,00,000","3,00,00,000", Kolkata Knight Riders,Uncapped
Spencer Johnson  ,Overseas,"2,00,00,000","2,80,00,000", Kolkata Knight Riders,Capped
Moeen Ali  ,Overseas,"2,00,00,000","2,00,00,000", Kolkata Knight Riders,Capped
Rahmanullah Gurbaz  ,Overseas,"2,00,00,000","2,00,00,000", Kolkata Knight Riders,Capped
Vaibhav Arora,Indian,"30,00,000","1,80,00,000", Kolkata Knight Riders,Uncapped
Ajinkya Rahane,Indian,"1,50,00,000","1,50,00,000", Kolkata Knight Riders,Capped
Rovman Powell  ,Overseas,"1,50,00,000","1,50,00,000", Kolkata Knight Riders,Capped
Umran  Malik,Indian,"75,00,000","75,00,000", Kolkata Knight Riders,Capped
Manish Pandey,Indian,"75,00,000","75,00,000", Kolkata Knight Riders,Capped
Anukul Roy,Indian,"30,00,000","40,00,000", Kolkata Knight Riders,Uncapped
Luvnith Sisodia,Indian,"30,00,000","30,00,000", Kolkata Knight Riders,Uncapped
Mayank Markande,Indian,"30,00,000","30,00,000", Kolkata Knight Riders,Uncapped
Rishabh Pant,Indian,"2,00,00,000","27,00,00,000", Lucknow Super Giants,Capped
Avesh Khan,Indian,"2,00,00,000","9,75,00,000", Lucknow Super Giants,Capped
Akash Deep,Indian,"1,00,00,000","8,00,00,000", Lucknow Super Giants,Capped
David Miller  ,Overseas,"1,50,00,000","7,50,00,000", Lucknow Super Giants,Capped
Abdul Samad,Indian,"30,00,000","4,20,00,000", Lucknow Super Giants,Uncapped
Mitchell Marsh  ,Overseas,"2,00,00,000","3,40,00,000", Lucknow Super Giants,Capped
Shahbaz Ahamad,Indian,"1,00,00,000","2,40,00,000", Lucknow Super Giants,Capped
Aiden Markram  ,Overseas,"2,00,00,000","2,00,00,000", Lucknow Super Giants,Capped
Matthew Breetzke  ,Overseas,"75,00,000","75,00,000", Lucknow Super Giants,Capped
Shamar Joseph  ,Overseas,"75,00,000","75,00,000", Lucknow Super Giants,Capped
M. Siddharth,Indian,"30,00,000","75,00,000", Lucknow Super Giants,Uncapped
Arshin Kulkarni,Indian,"30,00,000","30,00,000", Lucknow Super Giants,Uncapped
Rajvardhan Hangargekar,Indian,"30,00,000","30,00,000", Lucknow Super Giants,Uncapped
Yuvraj Chaudhary,Indian,"30,00,000","30,00,000", Lucknow Super Giants,Uncapped
Prince Yadav,Indian,"30,00,000","30,00,000", Lucknow Super Giants,Uncapped
Akash Singh,Indian,"30,00,000","30,00,000", Lucknow Super Giants,Uncapped
Digvesh Singh,Indian,"30,00,000","30,00,000", Lucknow Super Giants,Uncapped
Himmat Singh,Indian,"30,00,000","30,00,000", Lucknow Super Giants,Uncapped
Aryan Juyal,Indian,"30,00,000","30,00,000", Lucknow Super Giants,Uncapped
Trent Boult  ,Overseas,"2,00,00,000","12,50,00,000", Mumbai Indians,Capped
Deepak Chahar,Indian,"2,00,00,000","9,25,00,000", Mumbai Indians,Capped
Will Jacks  ,Overseas,"2,00,00,000","5,25,00,000", Mumbai Indians,Capped
Naman Dhir,Overseas,"30,00,000","5,25,00,000", Mumbai Indians,Uncapped
Allah  Ghazanfar  ,Overseas,"75,00,000","4,80,00,000", Mumbai Indians,Capped
Mitchell Santner  ,Overseas,"2,00,00,000","2,00,00,000", Mumbai Indians,Capped
Ryan Rickelton  ,Overseas,"1,00,00,000","1,00,00,000", Mumbai Indians,Capped
Lizaad Williams  ,Overseas,"75,00,000","75,00,000", Mumbai Indians,Capped
Reece Topley  ,Overseas,"75,00,000","75,00,000", Mumbai Indians,Capped
Robin Minz,Indian,"30,00,000","65,00,000", Mumbai Indians,Uncapped
Karn Sharma,Indian,"50,00,000","50,00,000", Mumbai Indians,Uncapped
Vignesh Puthur,Indian,"30,00,000","30,00,000", Mumbai Indians,Uncapped
Arjun  Tendulkar,Indian,"30,00,000","30,00,000", Mumbai Indians,Uncapped
Bevan John Jacobs  ,Overseas,"30,00,000","30,00,000", Mumbai Indians,Uncapped
Venkata Satyanarayana Penmetsa,Indian,"30,00,000","30,00,000", Mumbai Indians,Uncapped
Raj Angad Bawa,Indian,"30,00,000","30,00,000", Mumbai Indians,Uncapped
Shrijith Krishnan,Indian,"30,00,000","30,00,000", Mumbai Indians,Uncapped
Ashwani Kumar,Indian,"30,00,000","30,00,000", Mumbai Indians,Uncapped
Shreyas Iyer,Indian,"2,00,00,000","26,75,00,000", Punjab Kings,Capped
Yuzvendra Chahal,Indian,"2,00,00,000","18,00,00,000", Punjab Kings,Capped
Arshdeep Singh,Overseas,"2,00,00,000","18,00,00,000", Punjab Kings,Capped
Marcus Stoinis  ,Overseas,"2,00,00,000","11,00,00,000", Punjab Kings,Capped
Marco Jansen  ,Overseas,"1,25,00,000","7,00,00,000", Punjab Kings,Capped
Nehal Wadhera,Indian,"30,00,000","4,20,00,000", Punjab Kings,Uncapped
Glenn Maxwell  ,Overseas,"2,00,00,000","4,20,00,000", Punjab Kings,Capped
Priyansh Arya,Indian,"30,00,000","3,80,00,000", Punjab Kings,Uncapped
Josh Inglis  ,Overseas,"2,00,00,000","2,60,00,000", Punjab Kings,Capped
Azmatullah Omarzai  ,Overseas,"1,50,00,000","2,40,00,000", Punjab Kings,Capped
Lockie Ferguson  ,Overseas,"2,00,00,000","2,00,00,000", Punjab Kings,Capped
Vyshak Vijaykumar,Indian,"30,00,000","1,80,00,000", Punjab Kings,Uncapped
Yash Thakur,Indian,"30,00,000","1,60,00,000", Punjab Kings,Uncapped
Harpreet  Brar,Indian,"30,00,000","1,50,00,000", Punjab Kings,Uncapped
Aaron Hardie  ,Overseas,"1,25,00,000","1,25,00,000", Punjab Kings,Capped
Vishnu Vinod,Indian,"30,00,000","95,00,000", Punjab Kings,Uncapped
Xavier Bartlett  ,Overseas,"75,00,000","80,00,000", Punjab Kings,Capped
Kuldeep  Sen,Indian,"75,00,000","80,00,000", Punjab Kings,Capped
Pravin Dubey,Indian,"30,00,000","30,00,000", Punjab Kings,Uncapped
Pyla Avinash,Indian,"30,00,000","30,00,000", Punjab Kings,Uncapped
Suryansh  Shedge ,Indian,"30,00,000","30,00,000", Punjab Kings,Uncapped
Musheer Khan,Indian,"30,00,000","30,00,000", Punjab Kings,Uncapped
Harnoor Pannu,Indian,"30,00,000","30,00,000", Punjab Kings,Uncapped
Jofra Archer  ,Overseas,"2,00,00,000","12,50,00,000", Rajasthan Royals,Capped
Tushar Deshpande,Indian,"1,00,00,000","6,50,00,000", Rajasthan Royals,Capped
Wanindu Hasaranga  ,Overseas,"2,00,00,000","5,25,00,000", Rajasthan Royals,Capped
Maheesh Theekshana  ,Overseas,"2,00,00,000","4,40,00,000", Rajasthan Royals,Capped
Nitish Rana,Indian,"1,50,00,000","4,20,00,000", Rajasthan Royals,Capped
Fazalhaq Farooqi  ,Overseas,"2,00,00,000","2,00,00,000", Rajasthan Royals,Capped
Kwena Maphaka  ,Overseas,"75,00,000","1,50,00,000", Rajasthan Royals,Capped
Akash Madhwal,Indian,"30,00,000","1,20,00,000", Rajasthan Royals,Uncapped
Vaibhav Suryavanshi,Indian,"30,00,000","1,10,00,000", Rajasthan Royals,Uncapped
Shubham Dubey,Indian,"30,00,000","80,00,000", Rajasthan Royals,Uncapped
Yudhvir Charak,Indian,"30,00,000","35,00,000", Rajasthan Royals,Uncapped
Ashok Sharma,Indian,"30,00,000","30,00,000", Rajasthan Royals,Uncapped
Kunal Rathore,Indian,"30,00,000","30,00,000", Rajasthan Royals,Uncapped
Kumar Kartikeya Singh,Indian,"30,00,000","30,00,000", Rajasthan Royals,Uncapped
Josh Hazlewood   ,Overseas,"2,00,00,000","12,50,00,000", Royal Challengers Bengaluru,Capped
Phil Salt  ,Overseas,"2,00,00,000","11,50,00,000", Royal Challengers Bengaluru,Capped
Jitesh Sharma,Indian,"1,00,00,000","11,00,00,000", Royal Challengers Bengaluru,Capped
Bhuvneshwar Kumar,Indian,"2,00,00,000","10,75,00,000", Royal Challengers Bengaluru,Capped
Liam Livingstone  ,Overseas,"2,00,00,000","8,75,00,000", Royal Challengers Bengaluru,Capped
Rasikh Dar,Indian,"30,00,000","6,00,00,000", Royal Challengers Bengaluru,Uncapped
Krunal Pandya,Indian,"2,00,00,000","5,75,00,000", Royal Challengers Bengaluru,Capped
Tim David  ,Overseas,"2,00,00,000","3,00,00,000", Royal Challengers Bengaluru,Capped
Jacob Bethell  ,Overseas,"1,25,00,000","2,60,00,000", Royal Challengers Bengaluru,Capped
Suyash Sharma,Indian,"30,00,000","2,60,00,000", Royal Challengers Bengaluru,Uncapped
Devdutt Padikkal,Indian,"2,00,00,000","2,00,00,000", Royal Challengers Bengaluru,Capped
Nuwan Thushara  ,Overseas,"75,00,000","1,60,00,000", Royal Challengers Bengaluru,Capped
Romario Shepherd  ,Overseas,"1,50,00,000","1,50,00,000", Royal Challengers Bengaluru,Capped
Lungisani Ngidi  ,Overseas,"1,00,00,000","1,00,00,000", Royal Challengers Bengaluru,Capped
Swapnil Singh,Overseas,"30,00,000","50,00,000", Royal Challengers Bengaluru,Uncapped
Mohit Rathee,Indian,"30,00,000","30,00,000", Royal Challengers Bengaluru,Uncapped
Abhinandan Singh,Indian,"30,00,000","30,00,000", Royal Challengers Bengaluru,Uncapped
Swastik Chhikara,Indian,"30,00,000","30,00,000", Royal Challengers Bengaluru,Uncapped
Manoj Bhandage,Indian,"30,00,000","30,00,000", Royal Challengers Bengaluru,Uncapped
Ishan Kishan,Indian,"2,00,00,000","11,25,00,000", Sunrisers Hyderabad,Capped
Mohammad Shami,Indian,"2,00,00,000","10,00,00,000", Sunrisers Hyderabad,Capped
Harshal Patel,Indian,"2,00,00,000","8,00,00,000", Sunrisers Hyderabad,Capped
Abhinav Manohar,Indian,"30,00,000","3,20,00,000", Sunrisers Hyderabad,Uncapped
Rahul Chahar,Indian,"1,00,00,000","3,20,00,000", Sunrisers Hyderabad,Capped
Adam Zampa  ,Overseas,"2,00,00,000","2,40,00,000", Sunrisers Hyderabad,Capped
Simarjeet Singh,Indian,"30,00,000","1,50,00,000", Sunrisers Hyderabad,Uncapped
Eshan Malinga  ,Overseas,"30,00,000","1,20,00,000", Sunrisers Hyderabad,Uncapped
Brydon Carse  ,Overseas,"1,00,00,000","1,00,00,000", Sunrisers Hyderabad,Capped
Jaydev Unadkat,Indian,"1,00,00,000","1,00,00,000", Sunrisers Hyderabad,Capped
Kamindu Mendis  ,Overseas,"75,00,000","75,00,000", Sunrisers Hyderabad,Capped
Zeeshan Ansari,Indian,"30,00,000","40,00,000", Sunrisers Hyderabad,Uncapped
Sachin Baby,Indian,"30,00,000","30,00,000", Sunrisers Hyderabad,Uncapped
Aniket Verma,Indian,"30,00,000","30,00,000", Sunrisers Hyderabad,Uncapped
Atharva Taide,Indian,"30,00,000","30,00,000", Sunrisers Hyderabad,Uncapped
