Name,TeamName,nationality,price_cr,year
Faf Du Plessis,Chennai Super Kings,Overseas,4.75,2014
Dwayne Smith,Chennai Super Kings,Overseas,4.5,2014
Brendon McCullum,Chennai Super Kings,Overseas,3.25,2014
Ashish Nehra,Chennai Super Kings,Indian,2.0,2014
Mohit Sharma,Chennai Super Kings,Indian,2.0,2014
Ishwar Chandra Pandey,Chennai Super Kings,Indian,1.5,2014
Ben Hilfenhaus,Chennai Super Kings,Overseas,1.0,2014
John Hastings,Chennai Super Kings,Overseas,0.5,2014
Samuel Badree,Chennai Super Kings,Overseas,0.3,2014
Matt Henry,Chennai Super Kings,Overseas,0.3,2014
Mithun Manhas,Chennai Super Kings,Indian,0.3,2014
Vijay Shankar,Chennai Super Kings,Indian,0.1,2014
Ronit More,Chennai Super Kings,Indian,0.1,2014
Baba Aparajith,Chennai Super Kings,Indian,0.1,2014
Pawan Negi,Chennai Super Kings,Indian,0.1,2014
Dinesh Karthik,Delhi Capitals,Indian,12.5,2014
Kevin Pietersen,Delhi Capitals,Overseas,9.0,2014
Murali Vijay,Delhi Capitals,Indian,5.0,2014
Mohammad Shami,Delhi Capitals,Indian,4.25,2014
Nathan Coulter-Nile,Delhi Capitals,Overseas,4.25,2014
Quinton De Kock,Delhi Capitals,Overseas,3.5,2014
Manoj Tiwary,Delhi Capitals,Indian,2.8,2014
Jaydev Unadkat,Delhi Capitals,Indian,2.8,2014
Jean-Paul Duminy,Delhi Capitals,Overseas,2.2,2014
Ross Taylor,Delhi Capitals,Overseas,2.0,2014
Kedar Jadhav,Delhi Capitals,Indian,2.0,2014
Rahul Sharma,Delhi Capitals,Indian,1.9,2014
Mayank Agarwal,Delhi Capitals,Indian,1.6,2014
Laxmi Ratan Shukla,Delhi Capitals,Indian,1.5,2014
James Neesham,Delhi Capitals,Overseas,1.0,2014
Wayne Parnell,Delhi Capitals,Overseas,1.0,2014
Shahbaz Nadeem,Delhi Capitals,Indian,0.85,2014
Saurabh Tiwary,Delhi Capitals,Indian,0.7,2014
Siddarth Kaul,Delhi Capitals,Indian,0.45,2014
Rahul Shukla,Delhi Capitals,Indian,0.4,2014
Jayant Yadav,Delhi Capitals,Indian,0.1,2014
HS Sharath,Delhi Capitals,Indian,0.1,2014
Milind Kumar,Delhi Capitals,Indian,0.1,2014
Mitchell Johnson,Punjab Kings,Overseas,6.5,2014
Glenn Maxwell,Punjab Kings,Overseas,6.0,2014
George Bailey,Punjab Kings,Overseas,3.25,2014
Virender Sehwag,Punjab Kings,Indian,3.2,2014
Rishi Dhawan,Punjab Kings,Indian,3.0,2014
Wriddhiman Saha,Punjab Kings,Indian,2.2,2014
Shaun Marsh,Punjab Kings,Overseas,2.2,2014
Cheteshwar Pujara,Punjab Kings,Indian,1.9,2014
Beuran Hendricks,Punjab Kings,Overseas,1.8,2014
Lakshmipathy Balaji,Punjab Kings,Indian,1.8,2014
Thisara Perera,Punjab Kings,Overseas,1.6,2014
Gurkirat Singh Mann,Punjab Kings,Indian,1.3,2014
Murali Kartik,Punjab Kings,Indian,1.0,2014
Sandeep Sharma,Punjab Kings,Indian,0.85,2014
Mandeep Hardev Singh,Punjab Kings,Indian,0.8,2014
Akshar Rajesh Patel,Punjab Kings,Indian,0.75,2014
Parvinder Awana,Punjab Kings,Indian,0.65,2014
Shardul Narendra Thakur,Punjab Kings,Indian,0.2,2014
Anureet Singh,Punjab Kings,Indian,0.2,2014
Shivam Sharma,Punjab Kings,Indian,0.1,2014
Karanveer Singh,Punjab Kings,Indian,0.1,2014
Jacques Kallis,Kolkata Knight Riders,Overseas,5.5,2014
Robin Uthappa,Kolkata Knight Riders,Indian,5.0,2014
Piyush Chawla,Kolkata Knight Riders,Indian,4.25,2014
Yusuf Pathan,Kolkata Knight Riders,Indian,3.25,2014
Shakib Al Hasan,Kolkata Knight Riders,Overseas,2.8,2014
Morne Morkel,Kolkata Knight Riders,Overseas,2.8,2014
Ranganath Vinay Kumar,Kolkata Knight Riders,Indian,2.8,2014
Umesh Yadav,Kolkata Knight Riders,Indian,2.6,2014
Manish Pandey,Kolkata Knight Riders,Indian,1.7,2014
Chris Lynn,Kolkata Knight Riders,Overseas,1.3,2014
Patrick Cummins,Kolkata Knight Riders,Overseas,1.0,2014
Ryan Ten Doeschate,Kolkata Knight Riders,Overseas,1.0,2014
Suryakumar Yadav,Kolkata Knight Riders,Indian,0.7,2014
Andre Russell,Kolkata Knight Riders,Overseas,0.6,2014
Manvinder Bisla,Kolkata Knight Riders,Indian,0.6,2014
Veer Pratap Singh,Kolkata Knight Riders,Indian,0.4,2014
Kuldeep Singh Yadav,Kolkata Knight Riders,Indian,0.4,2014
Debabrata Das,Kolkata Knight Riders,Indian,0.2,2014
Sayan Sekhar Mandal,Kolkata Knight Riders,Indian,0.1,2014
Michael Hussey,Mumbai Indians,Overseas,5.0,2014
Corey Anderson,Mumbai Indians,Overseas,4.5,2014
Pragyan Ojha,Mumbai Indians,Indian,3.25,2014
Zaheer Khan,Mumbai Indians,Indian,2.6,2014
Aditya Tare,Mumbai Indians,Indian,1.6,2014
Jasprit Bumrah,Mumbai Indians,Indian,1.2,2014
Jalaj Saxena,Mumbai Indians,Indian,0.9,2014
Josh Hazlewood,Mumbai Indians,Overseas,0.5,2014
Marchant De Lange,Mumbai Indians,Overseas,0.3,2014
Krismar Santokie,Mumbai Indians,Overseas,0.3,2014
Ben Dunk,Mumbai Indians,Overseas,0.2,2014
C.M. Gautam,Mumbai Indians,Indian,0.2,2014
Apoorv Vijay Wankhade,Mumbai Indians,Indian,0.1,2014
Pawan Suyal,Mumbai Indians,Indian,0.1,2014
Sushant Marathe,Mumbai Indians,Indian,0.1,2014
Shreyas Gopal,Mumbai Indians,Indian,0.1,2014
Steven Smith,Rajasthan Royals,Overseas,4.0,2014
Brad Hodge,Rajasthan Royals,Overseas,2.4,2014
Rajat Bhatia,Rajasthan Royals,Indian,1.7,2014
Tim Southee,Rajasthan Royals,Overseas,1.2,2014
Dhawal Kulkarni,Rajasthan Royals,Indian,1.1,2014
Abhishek Nayar,Rajasthan Royals,Indian,1.0,2014
Kane Richardson,Rajasthan Royals,Overseas,1.0,2014
Ben Cutting,Rajasthan Royals,Overseas,0.8,2014
Karun Nair,Rajasthan Royals,Indian,0.75,2014
Unmukt Chand,Rajasthan Royals,Indian,0.65,2014
Iqbal Abdullah,Rajasthan Royals,Indian,0.65,2014
Deepak Hooda,Rajasthan Royals,Indian,0.4,2014
Dishant Yagnik,Rajasthan Royals,Indian,0.3,2014
Kevon Cooper,Rajasthan Royals,Overseas,0.3,2014
Vikramjeet Malik,Rajasthan Royals,Indian,0.2,2014
Ankit Nagendra Sharma,Rajasthan Royals,Indian,0.1,2014
Rahul Tewatia,Rajasthan Royals,Indian,0.1,2014
Ankush Bains,Rajasthan Royals,Indian,0.1,2014
Amit Mishra,Rajasthan Royals,Indian,0.1,2014
Pravin Tambe,Rajasthan Royals,Indian,0.1,2014
Yuvraj Singh,Royal Challengers Bangalore,Indian,14.0,2014
Mitchell Starc,Royal Challengers Bangalore,Overseas,5.0,2014
Albie Morkel,Royal Challengers Bangalore,Overseas,2.4,2014
Varun Aaron,Royal Challengers Bangalore,Indian,2.0,2014
Ashok Dinda,Royal Challengers Bangalore,Indian,1.5,2014
Parthiv Patel,Royal Challengers Bangalore,Indian,1.4,2014
Muttiah Muralitharan,Royal Challengers Bangalore,Overseas,1.0,2014
Ravi Rampaul,Royal Challengers Bangalore,Overseas,0.9,2014
Nic Maddinson,Royal Challengers Bangalore,Overseas,0.5,2014
Harshal Patel,Royal Challengers Bangalore,Indian,0.4,2014
Vijay Zol,Royal Challengers Bangalore,Indian,0.3,2014
Abu Nechim Ahmed,Royal Challengers Bangalore,Indian,0.3,2014
Sachin Rana,Royal Challengers Bangalore,Indian,0.2,2014
Shadab Jakati,Royal Challengers Bangalore,Indian,0.2,2014
Sandeep Warrier,Royal Challengers Bangalore,Indian,0.1,2014
Tanmay Mishra,Royal Challengers Bangalore,Indian,0.1,2014
Yogesh Takawale,Royal Challengers Bangalore,Indian,0.1,2014
Yuzvendra Singh Chahal,Royal Challengers Bangalore,Indian,0.1,2014
David Warner,Sunrisers Hyderabad,Overseas,5.5,2014
Bhuvneshwar Kumar,Sunrisers Hyderabad,Indian,4.25,2014
Aaron Finch,Sunrisers Hyderabad,Overseas,4.0,2014
Karn Sharma,Sunrisers Hyderabad,Indian,3.75,2014
Darren Sammy,Sunrisers Hyderabad,Overseas,3.5,2014
Ishant Sharma,Sunrisers Hyderabad,Indian,2.6,2014
Irfan Pathan,Sunrisers Hyderabad,Indian,2.4,2014
Moises Henriques,Sunrisers Hyderabad,Overseas,1.0,2014
KL Rahul,Sunrisers Hyderabad,Indian,1.0,2014
Parveez Rasool,Sunrisers Hyderabad,Indian,0.95,2014
Jason Holder,Sunrisers Hyderabad,Overseas,0.75,2014
Venugopal Rao,Sunrisers Hyderabad,Indian,0.55,2014
Naman Ojha,Sunrisers Hyderabad,Indian,0.5,2014
Brendan Taylor,Sunrisers Hyderabad,Overseas,0.3,2014
Prasanth Parameswaran,Sunrisers Hyderabad,Indian,0.3,2014
Amit Paunikar,Sunrisers Hyderabad,Indian,0.2,2014
Ashish Reddy,Sunrisers Hyderabad,Indian,0.2,2014
Srikkanth Anirudha,Sunrisers Hyderabad,Indian,0.2,2014
Ricky Bhui,Sunrisers Hyderabad,Indian,0.1,2014
Chama Milind,Sunrisers Hyderabad,Indian,0.1,2014
Manprit Juneja,Sunrisers Hyderabad,Indian,0.1,2014
Kedar Jadhav,Chennai Super Kings,Indian,7.8,2018
Dwayne Bravo,Chennai Super Kings,Overseas,6.4,2018
Karn Sharma,Chennai Super Kings,Indian,5.0,2018
Shane Watson,Chennai Super Kings,Overseas,4.0,2018
Shardul Narendra Thakur,Chennai Super Kings,Indian,2.6,2018
Ambati Rayudu,Chennai Super Kings,Indian,2.2,2018
Murali Vijay,Chennai Super Kings,Indian,2.0,2018
Harbhajan Singh,Chennai Super Kings,Indian,2.0,2018
Faf Du Plessis,Chennai Super Kings,Overseas,1.6,2018
Mark Wood,Chennai Super Kings,Overseas,1.5,2018
Sam Billings,Chennai Super Kings,Overseas,1.0,2018
Imran Tahir,Chennai Super Kings,Overseas,1.0,2018
Deepak Chahar,Chennai Super Kings,Indian,0.8,2018
Mitchell Santner,Chennai Super Kings,Overseas,0.5,2018
Lungisani Ngidi,Chennai Super Kings,Overseas,0.5,2018
Asif K M,Chennai Super Kings,Indian,0.4,2018
N Jagadeesan,Chennai Super Kings,Indian,0.2,2018
Kanishk Seth,Chennai Super Kings,Indian,0.2,2018
Monu Singh,Chennai Super Kings,Indian,0.2,2018
Dhruv Shorey,Chennai Super Kings,Indian,0.2,2018
Kshitiz Sharma,Chennai Super Kings,Indian,0.2,2018
Chaitanya Bishnoi,Chennai Super Kings,Indian,0.2,2018
Glenn Maxwell,Delhi Capitals,Overseas,9.0,2018
Kagiso Rabada,Delhi Capitals,Overseas,4.2,2018
Amit Mishra,Delhi Capitals,Indian,4.0,2018
Shahbaz Nadeem,Delhi Capitals,Indian,3.2,2018
Vijay Shankar,Delhi Capitals,Indian,3.2,2018
Rahul Tewatia,Delhi Capitals,Indian,3.0,2018
Mohammad Shami,Delhi Capitals,Indian,3.0,2018
Gautam Gambhir,Delhi Capitals,Indian,2.8,2018
Trent Boult,Delhi Capitals,Overseas,2.2,2018
Colin Munro,Delhi Capitals,Overseas,1.9,2018
Daniel Christian,Delhi Capitals,Overseas,1.5,2018
Jason Roy,Delhi Capitals,Overseas,1.5,2018
Naman Ojha,Delhi Capitals,Indian,1.4,2018
Prithvi Shaw,Delhi Capitals,Indian,1.2,2018
Gurkeerat Singh Mann,Delhi Capitals,Indian,0.75,2018
Avesh Khan,Delhi Capitals,Indian,0.7,2018
Abhishek Sharma,Delhi Capitals,Indian,0.55,2018
Jayant Yadav,Delhi Capitals,Indian,0.5,2018
Harshal Patel,Delhi Capitals,Indian,0.2,2018
Manjot Kalra,Delhi Capitals,Indian,0.2,2018
Sandeep Lamichhane,Delhi Capitals,Overseas,0.2,2018
Sayan Ghosh,Delhi Capitals,Indian,0.2,2018
KL Rahul,Punjab Kings,Indian,11.0,2018
Ravichandran Ashwin,Punjab Kings,Indian,7.6,2018
Andrew Tye,Punjab Kings,Overseas,7.2,2018
Aaron Finch,Punjab Kings,Overseas,6.2,2018
Marcus Stoinis,Punjab Kings,Overseas,6.2,2018
Karun Nair,Punjab Kings,Indian,5.6,2018
Mujeeb Zadran,Punjab Kings,Overseas,4.0,2018
Ankit Singh Rajpoot,Punjab Kings,Indian,3.0,2018
David Miller,Punjab Kings,Overseas,3.0,2018
Mohit Sharma,Punjab Kings,Indian,2.4,2018
Barinder Singh Sran,Punjab Kings,Indian,2.2,2018
Yuvraj Singh,Punjab Kings,Indian,2.0,2018
Christopher Gayle,Punjab Kings,Overseas,2.0,2018
Ben Dwarshuis,Punjab Kings,Overseas,1.4,2018
Akshdeep Nath,Punjab Kings,Indian,1.0,2018
Manoj Tiwary,Punjab Kings,Indian,1.0,2018
Mayank Agarwal,Punjab Kings,Indian,1.0,2018
Manzoor Dar,Punjab Kings,Indian,0.2,2018
Pardeep Sahu,Punjab Kings,Indian,0.2,2018
Mayank Dagar,Punjab Kings,Indian,0.2,2018
Chris Lynn,Kolkata Knight Riders,Overseas,9.6,2018
Mitchell Starc,Kolkata Knight Riders,Overseas,9.4,2018
Dinesh Karthik,Kolkata Knight Riders,Indian,7.4,2018
Robin Uthappa,Kolkata Knight Riders,Indian,6.4,2018
Kuldeep Singh Yadav,Kolkata Knight Riders,Indian,5.8,2018
Piyush Chawla,Kolkata Knight Riders,Indian,4.2,2018
Nitish Rana,Kolkata Knight Riders,Indian,3.4,2018
Kamlesh Nagarkoti,Kolkata Knight Riders,Indian,3.2,2018
Shivam Mavi,Kolkata Knight Riders,Indian,3.0,2018
Mitchell Johnson,Kolkata Knight Riders,Overseas,2.0,2018
Shubman Gill,Kolkata Knight Riders,Indian,1.8,2018
Ranganath Vinay Kumar,Kolkata Knight Riders,Indian,1.0,2018
Rinku Singh,Kolkata Knight Riders,Indian,0.8,2018
Cameron Delport,Kolkata Knight Riders,Overseas,0.3,2018
Javon Searless,Kolkata Knight Riders,Overseas,0.3,2018
Apoorv Vijay Wankhade,Kolkata Knight Riders,Indian,0.2,2018
Ishank Jaggi,Kolkata Knight Riders,Indian,0.2,2018
Krunal Pandya,Mumbai Indians,Indian,8.8,2018
Ishan Kishan,Mumbai Indians,Indian,6.2,2018
Kieron Pollard,Mumbai Indians,Overseas,5.4,2018
Pat Cummins,Mumbai Indians,Overseas,5.4,2018
Evin Lewis,Mumbai Indians,Overseas,3.8,2018
Suryakumar Yadav,Mumbai Indians,Indian,3.2,2018
Ben Cutting,Mumbai Indians,Overseas,2.2,2018
Mustafizur Rahman,Mumbai Indians,Overseas,2.2,2018
Rahul Chahar,Mumbai Indians,Indian,1.9,2018
Pradeep Sangwan,Mumbai Indians,Indian,1.5,2018
Jason Behrendorff,Mumbai Indians,Overseas,1.5,2018
Jean-Paul Duminy,Mumbai Indians,Overseas,1.0,2018
Saurabh Tiwary,Mumbai Indians,Indian,0.8,2018
Tajinder Dhillon,Mumbai Indians,Indian,0.55,2018
Akila Dhananjaya,Mumbai Indians,Overseas,0.5,2018
Nidheesh M D Dinesan,Mumbai Indians,Indian,0.2,2018
Aditya Tare,Mumbai Indians,Indian,0.2,2018
Siddhesh Dinesh Lad,Mumbai Indians,Indian,0.2,2018
Mayank Markande,Mumbai Indians,Indian,0.2,2018
Sharad Lumba ,Mumbai Indians,Indian,0.2,2018
Anukul Roy,Mumbai Indians,Indian,0.2,2018
Mohsin Khan,Mumbai Indians,Indian,0.2,2018
Benjamin Stokes,Rajasthan Royals,Overseas,12.5,2018
Jaydev Unadkat,Rajasthan Royals,Indian,11.5,2018
Sanju Samson,Rajasthan Royals,Indian,8.0,2018
Jofra Archer,Rajasthan Royals,Overseas,7.2,2018
Krishnappa Gowtham,Rajasthan Royals,Indian,6.2,2018
Jos Buttler,Rajasthan Royals,Overseas,4.4,2018
Ajinkya Rahane,Rajasthan Royals,Indian,4.0,2018
Darcy Short,Rajasthan Royals,Overseas,4.0,2018
Rahul Tripathi,Rajasthan Royals,Indian,3.4,2018
Dhawal Kulkarni,Rajasthan Royals,Indian,0.75,2018
Zahir Khan Pakteen,Rajasthan Royals,Overseas,0.6,2018
Ben Laughlin,Rajasthan Royals,Overseas,0.5,2018
Stuart Binny,Rajasthan Royals,Indian,0.5,2018
Dushmantha Chameera,Rajasthan Royals,Overseas,0.5,2018
Anureet Singh,Rajasthan Royals,Indian,0.3,2018
Aryaman Vikram Birla,Rajasthan Royals,Overseas,0.3,2018
Midhun S,Rajasthan Royals,Indian,0.2,2018
Shreyas Gopal,Rajasthan Royals,Indian,0.2,2018
Prashant Chopra,Rajasthan Royals,Indian,0.2,2018
Jatin Saxena,Rajasthan Royals,Indian,0.2,2018
Ankit Sharma,Rajasthan Royals,Indian,0.2,2018
Mahipal Lomror,Rajasthan Royals,Indian,0.2,2018
Chris Woakes,Royal Challengers Bangalore,Overseas,7.4,2018
Yuzvendra Singh Chahal,Royal Challengers Bangalore,Indian,6.0,2018
Umesh Yadav,Royal Challengers Bangalore,Indian,4.2,2018
Brendon McCullum,Royal Challengers Bangalore,Overseas,3.6,2018
M.S. Washington Sundar,Royal Challengers Bangalore,Overseas,3.2,2018
Navdeep Saini,Royal Challengers Bangalore,Indian,3.0,2018
Quinton De Kock,Royal Challengers Bangalore,Overseas,2.8,2018
Mohammed Siraj,Royal Challengers Bangalore,Indian,2.6,2018
Nathan Coulter-Nile,Royal Challengers Bangalore,Overseas,2.2,2018
Colin De Grandhomme,Royal Challengers Bangalore,Overseas,2.2,2018
M. Ashwin,Royal Challengers Bangalore,Overseas,2.2,2018
Parthiv Patel,Royal Challengers Bangalore,Indian,1.7,2018
Moeen Ali,Royal Challengers Bangalore,Overseas,1.7,2018
Mandeep Singh,Royal Challengers Bangalore,Indian,1.4,2018
Manan Vohra,Royal Challengers Bangalore,Indian,1.1,2018
Pawan Negi,Royal Challengers Bangalore,Indian,1.0,2018
Tim Southee,Royal Challengers Bangalore,Overseas,1.0,2018
Kulwant Khejroliya,Royal Challengers Bangalore,Indian,0.85,2018
Aniket Choudhary,Royal Challengers Bangalore,Indian,0.3,2018
Pavan Deshpande,Royal Challengers Bangalore,Indian,0.2,2018
Anirudha Ashok Joshi,Royal Challengers Bangalore,Indian,0.2,2018
Manish Pandey,Sunrisers Hyderabad,Indian,11.0,2018
Rashid Khan Arman,Sunrisers Hyderabad,Overseas,9.0,2018
Shikhar Dhawan,Sunrisers Hyderabad,Indian,5.2,2018
Wriddhiman Saha,Sunrisers Hyderabad,Indian,5.0,2018
Siddarth Kaul,Sunrisers Hyderabad,Indian,3.8,2018
Deepak Hooda,Sunrisers Hyderabad,Indian,3.6,2018
Syed Khaleel Ahmed,Sunrisers Hyderabad,Overseas,3.0,2018
Sandeep Sharma,Sunrisers Hyderabad,Indian,3.0,2018
Kane Williamson,Sunrisers Hyderabad,Overseas,3.0,2018
Carlos Brathwaite,Sunrisers Hyderabad,Overseas,2.0,2018
Shakib Al Hasan,Sunrisers Hyderabad,Overseas,2.0,2018
Yusuf Pathan,Sunrisers Hyderabad,Indian,1.9,2018
Shreevats Goswami,Sunrisers Hyderabad,Indian,1.0,2018
Mohammad Nabi,Sunrisers Hyderabad,Overseas,1.0,2018
Chris Jordan,Sunrisers Hyderabad,Overseas,1.0,2018
Basil Thampi,Sunrisers Hyderabad,Indian,0.95,2018
Billy Stanlake,Sunrisers Hyderabad,Overseas,0.5,2018
T Natarajan,Sunrisers Hyderabad,Indian,0.4,2018
Sachin Baby,Sunrisers Hyderabad,Indian,0.2,2018
Bipul Sharma,Sunrisers Hyderabad,Indian,0.2,2018
Syed Mehdi Hasan,Sunrisers Hyderabad,Overseas,0.2,2018
Ricky Bhui,Sunrisers Hyderabad,Indian,0.2,2018
Tanmay Agarwal,Sunrisers Hyderabad,Indian,0.2,2018
Robin Uthappa ,Chennai Super Kings,Indian,2.0,2022
Dwayne Bravo ,Chennai Super Kings,Overseas,4.4,2022
Ambati Rayudu ,Chennai Super Kings,Indian,6.75,2022
Deepak Chahar ,Chennai Super Kings,Indian,14.0,2022
C.Hari Nishaanth ,Chennai Super Kings,Indian,0.2,2022
N. Jagadeesan ,Chennai Super Kings,Indian,0.2,2022
K.M. Asif ,Chennai Super Kings,Indian,0.2,2022
Tushar Deshpande ,Chennai Super Kings,Indian,0.2,2022
Shivam Dube ,Chennai Super Kings,Indian,4.0,2022
Chris Jordan ,Chennai Super Kings,Overseas,3.6,2022
Maheesh Theekshana ,Chennai Super Kings,Overseas,0.7,2022
Rajvardhan Hangargekar ,Chennai Super Kings,Indian,1.5,2022
Simarjeet Singh ,Chennai Super Kings,Indian,0.2,2022
Devon Conway ,Chennai Super Kings,Overseas,1.0,2022
Dwaine Pretorius ,Chennai Super Kings,Overseas,0.5,2022
Mitchell Santner ,Chennai Super Kings,Overseas,1.9,2022
Adam Milne ,Chennai Super Kings,Overseas,1.9,2022
Subhranshu Senapati ,Chennai Super Kings,Indian,0.2,2022
Mukesh Choudhary ,Chennai Super Kings,Indian,0.2,2022
Prashant Solanki ,Chennai Super Kings,Indian,1.2,2022
K.Bhagath Varma ,Chennai Super Kings,Indian,0.2,2022
David Warner ,Delhi Capitals,Overseas,6.25,2022
Mitchell Marsh ,Delhi Capitals,Overseas,6.5,2022
Mustafizur Rahman ,Delhi Capitals,Overseas,2.0,2022
Shardul Thakur ,Delhi Capitals,Indian,10.75,2022
Kuldeep Yadav ,Delhi Capitals,Indian,2.0,2022
Ashwin Hebbar ,Delhi Capitals,Indian,0.2,2022
Sarfaraz Khan ,Delhi Capitals,Indian,0.2,2022
Kamlesh Nagarkoti ,Delhi Capitals,Indian,1.1,2022
K.S. Bharat ,Delhi Capitals,Indian,2.0,2022
Mandeep Singh ,Delhi Capitals,Indian,1.1,2022
Syed Khaleel Ahmed ,Delhi Capitals,Indian,5.25,2022
Lungisani Ngidi ,Delhi Capitals,Overseas,0.5,2022
Chetan Sakariya ,Delhi Capitals,Indian,4.2,2022
Yash Dhull ,Delhi Capitals,Indian,0.5,2022
Vicky Ostwal ,Delhi Capitals,Indian,0.2,2022
Ripal Patel ,Delhi Capitals,Indian,0.2,2022
Lalit Yadav ,Delhi Capitals,Indian,0.65,2022
Rovman Powell ,Delhi Capitals,Overseas,2.8,2022
Tim Seifert ,Delhi Capitals,Overseas,0.5,2022
Pravin Dubey ,Delhi Capitals,Indian,0.5,2022
Mohammad Shami ,Gujarat Titans,Indian,6.25,2022
David Miller ,Gujarat Titans,Overseas,3.0,2022
Jason Roy  ,Gujarat Titans,Overseas,2.0,2022
Wriddhiman  Saha ,Gujarat Titans,Indian,1.9,2022
Matthew Wade ,Gujarat Titans,Overseas,2.4,2022
Lockie Ferguson ,Gujarat Titans,Overseas,10.0,2022
Abhinav Sadarangani ,Gujarat Titans,Indian,2.6,2022
Rahul Tewatia ,Gujarat Titans,Indian,9.0,2022
Noor  Ahmad ,Gujarat Titans,Overseas,0.3,2022
R. Sai Kishore ,Gujarat Titans,Indian,3.0,2022
Dominic Drakes ,Gujarat Titans,Overseas,1.1,2022
Vijay Shankar ,Gujarat Titans,Indian,1.4,2022
Jayant Yadav ,Gujarat Titans,Indian,1.7,2022
Darshan Nalkande ,Gujarat Titans,Indian,0.2,2022
Yash  Dayal ,Gujarat Titans,Indian,3.2,2022
B. Sai Sudharsan ,Gujarat Titans,Indian,0.2,2022
Gurkeerat Singh ,Gujarat Titans,Indian,0.5,2022
Alzarri Joseph ,Gujarat Titans,Overseas,2.4,2022
Varun Aaron ,Gujarat Titans,Indian,0.5,2022
Pradeep Sangwan ,Gujarat Titans,Indian,0.2,2022
Pat Cummins ,Kolkata Knight Riders,Overseas,7.25,2022
Shreyas Iyer ,Kolkata Knight Riders,Indian,12.25,2022
Mohammad  Nabi ,Kolkata Knight Riders,Overseas,1.0,2022
Nitish Rana ,Kolkata Knight Riders,Indian,8.0,2022
Sam Billings  ,Kolkata Knight Riders,Overseas,2.0,2022
Umesh Yadav ,Kolkata Knight Riders,Indian,2.0,2022
Shivam  Mavi ,Kolkata Knight Riders,Indian,7.25,2022
Sheldon Jackson ,Kolkata Knight Riders,Indian,0.6,2022
Ajinkya Rahane ,Kolkata Knight Riders,Indian,1.0,2022
Rinku Singh ,Kolkata Knight Riders,Indian,0.55,2022
Anukul Roy ,Kolkata Knight Riders,Indian,0.2,2022
Alex Hales  ,Kolkata Knight Riders,Overseas,1.5,2022
Rasikh Dar ,Kolkata Knight Riders,Indian,0.2,2022
Tim Southee ,Kolkata Knight Riders,Overseas,1.5,2022
Baba Indrajith ,Kolkata Knight Riders,Indian,0.2,2022
Chamika Karunaratne ,Kolkata Knight Riders,Overseas,0.5,2022
Abhijeet Tomar ,Kolkata Knight Riders,Indian,0.4,2022
Aman Khan ,Kolkata Knight Riders,Indian,0.2,2022
Ramesh Kumar ,Kolkata Knight Riders,Indian,0.2,2022
Pratham Singh ,Kolkata Knight Riders,Indian,0.2,2022
Ashok Sharma ,Kolkata Knight Riders,Indian,0.55,2022
Quinton De Kock ,Lucknow Super Giants,Overseas,6.75,2022
Manish Pandey ,Lucknow Super Giants,Indian,4.6,2022
Krunal Pandya ,Lucknow Super Giants,Indian,8.25,2022
Mark Wood ,Lucknow Super Giants,Overseas,7.5,2022
Avesh Khan ,Lucknow Super Giants,Indian,10.0,2022
Ankit Singh Rajpoot ,Lucknow Super Giants,Indian,0.5,2022
K. Gowtham ,Lucknow Super Giants,Indian,0.9,2022
Dushmanta Chameera ,Lucknow Super Giants,Overseas,2.0,2022
Shahbaz Nadeem ,Lucknow Super Giants,Indian,0.5,2022
Manan Vohra ,Lucknow Super Giants,Indian,0.2,2022
Evin Lewis ,Lucknow Super Giants,Overseas,2.0,2022
Mohsin Khan ,Lucknow Super Giants,Indian,0.2,2022
Mayank Yadav ,Lucknow Super Giants,Indian,0.2,2022
Ayush Badoni ,Lucknow Super Giants,Indian,0.2,2022
Kyle Mayers ,Lucknow Super Giants,Overseas,0.5,2022
Karan Sharma ,Lucknow Super Giants,Indian,0.2,2022
Jason Holder ,Lucknow Super Giants,Overseas,8.75,2022
Deepak Hooda ,Lucknow Super Giants,Indian,5.75,2022
Ishan Kishan ,Mumbai Indians,Indian,15.25,2022
Dewald Brevis ,Mumbai Indians,Overseas,3.0,2022
Anmolpreet Singh ,Mumbai Indians,Indian,0.2,2022
Basil Thampi ,Mumbai Indians,Indian,0.3,2022
Murugan Ashwin ,Mumbai Indians,Indian,1.6,2022
Jaydev Unadkat ,Mumbai Indians,Indian,1.3,2022
Mayank Markande ,Mumbai Indians,Indian,0.65,2022
N. Tilak Varma ,Mumbai Indians,Indian,1.7,2022
Sanjay Yadav ,Mumbai Indians,Indian,0.5,2022
Jofra Archer ,Mumbai Indians,Overseas,8.0,2022
Daniel Sams ,Mumbai Indians,Overseas,2.6,2022
Tymal Mills ,Mumbai Indians,Overseas,1.5,2022
Tim David ,Mumbai Indians,Overseas,8.25,2022
Ramandeep  Singh ,Mumbai Indians,Indian,0.2,2022
Aryan Juyal ,Mumbai Indians,Indian,0.2,2022
Fabian Allen ,Mumbai Indians,Overseas,0.75,2022
Riley Meredith ,Mumbai Indians,Overseas,1.0,2022
Rahul Buddhi ,Mumbai Indians,Indian,0.2,2022
Hrithik Shokeen ,Mumbai Indians,Indian,0.2,2022
Mohd. Arshad Khan ,Mumbai Indians,Indian,0.2,2022
Arjun  Tendulkar ,Mumbai Indians,Indian,0.3,2022
Shikhar Dhawan ,Punjab Kings,Indian,8.25,2022
Kagiso Rabada ,Punjab Kings,Overseas,9.25,2022
Jonny Bairstow  ,Punjab Kings,Overseas,6.75,2022
Rahul Chahar ,Punjab Kings,Indian,5.25,2022
Harpreet  Brar ,Punjab Kings,Indian,3.8,2022
Shahrukh Khan ,Punjab Kings,Indian,9.0,2022
Jitesh Sharma ,Punjab Kings,Indian,0.2,2022
Prabhsimran Singh ,Punjab Kings,Indian,0.6,2022
Ishan Porel ,Punjab Kings,Indian,0.25,2022
Liam Livingstone ,Punjab Kings,Overseas,11.5,2022
Odean Smith ,Punjab Kings,Overseas,6.0,2022
Sandeep Sharma ,Punjab Kings,Indian,0.5,2022
Raj Angad Bawa ,Punjab Kings,Indian,2.0,2022
Rishi Dhawan ,Punjab Kings,Indian,0.55,2022
Nathan Ellis ,Punjab Kings,Overseas,0.75,2022
Prerak Mankad ,Punjab Kings,Indian,0.2,2022
Atharva Taide ,Punjab Kings,Indian,0.2,2022
Vaibhav Arora ,Punjab Kings,Indian,2.0,2022
Bhanuka Rajapaksa ,Punjab Kings,Overseas,0.5,2022
Benny Howell ,Punjab Kings,Overseas,0.4,2022
Writtick Chatterjee ,Punjab Kings,Indian,0.2,2022
Baltej Dhanda ,Punjab Kings,Indian,0.2,2022
Ansh Patel ,Punjab Kings,Indian,0.2,2022
R. Ashwin ,Rajasthan Royals,Indian,5.0,2022
Trent Boult ,Rajasthan Royals,Overseas,8.0,2022
Shimron Hetmyer ,Rajasthan Royals,Overseas,8.5,2022
Devdutt Padikkal ,Rajasthan Royals,Indian,7.75,2022
Prasidh Krishna ,Rajasthan Royals,Indian,10.0,2022
Yuzvendra Chahal ,Rajasthan Royals,Indian,6.5,2022
Riyan Parag ,Rajasthan Royals,Indian,3.8,2022
K.C Cariappa ,Rajasthan Royals,Indian,0.3,2022
James Neesham ,Rajasthan Royals,Overseas,1.5,2022
Nathan Coulter-Nile ,Rajasthan Royals,Overseas,2.0,2022
Navdeep Saini ,Rajasthan Royals,Indian,2.6,2022
Kuldeep  Sen ,Rajasthan Royals,Indian,0.2,2022
Karun Nair ,Rajasthan Royals,Indian,1.4,2022
Rassie Van Der Dussen ,Rajasthan Royals,Overseas,1.0,2022
Daryl Mitchell ,Rajasthan Royals,Overseas,0.75,2022
Obed Mccoy ,Rajasthan Royals,Overseas,0.75,2022
Dhruv Jurel ,Rajasthan Royals,Indian,0.2,2022
Tejas Baroka ,Rajasthan Royals,Indian,0.2,2022
Kuldip Yadav ,Rajasthan Royals,Indian,0.2,2022
Shubham Garhwal ,Rajasthan Royals,Indian,0.2,2022
Anunay Singh ,Rajasthan Royals,Indian,0.2,2022
Faf Du Plessis ,Royal Challengers Bangalore,Overseas,7.0,2022
Wanindu Hasaranga ,Royal Challengers Bangalore,Overseas,10.75,2022
Harshal Patel ,Royal Challengers Bangalore,Indian,10.75,2022
Dinesh  Karthik ,Royal Challengers Bangalore,Indian,5.5,2022
Josh Hazlewood  ,Royal Challengers Bangalore,Overseas,7.75,2022
Shahbaz Ahamad ,Royal Challengers Bangalore,Indian,2.4,2022
Anuj Rawat ,Royal Challengers Bangalore,Indian,3.4,2022
Akash  Deep  ,Royal Challengers Bangalore,Indian,0.2,2022
Karn Sharma ,Royal Challengers Bangalore,Indian,0.5,2022
Mahipal Lomror ,Royal Challengers Bangalore,Indian,0.95,2022
Finn Allen ,Royal Challengers Bangalore,Overseas,0.8,2022
Sherfane Rutherford ,Royal Challengers Bangalore,Overseas,1.0,2022
Jason Behrendorff ,Royal Challengers Bangalore,Overseas,0.75,2022
Siddharth  Kaul ,Royal Challengers Bangalore,Indian,0.75,2022
Suyash Prabhudessai ,Royal Challengers Bangalore,Indian,0.3,2022
Luvnith Sisodia ,Royal Challengers Bangalore,Indian,0.2,2022
Chama Milind ,Royal Challengers Bangalore,Indian,0.25,2022
Aneeshwar Gautam ,Royal Challengers Bangalore,Indian,0.2,2022
David Willey  ,Royal Challengers Bangalore,Overseas,2.0,2022
Washington Sundar ,Sunrisers Hyderabad,Indian,8.75,2022
Nicholas Pooran ,Sunrisers Hyderabad,Overseas,10.75,2022
Bhuvneshwar Kumar ,Sunrisers Hyderabad,Indian,4.2,2022
T. Natarajan ,Sunrisers Hyderabad,Indian,4.0,2022
Priyam  Garg ,Sunrisers Hyderabad,Indian,0.2,2022
Rahul Tripathi ,Sunrisers Hyderabad,Indian,8.5,2022
Abhishek Sharma ,Sunrisers Hyderabad,Indian,6.5,2022
Vishnu Vinod ,Sunrisers Hyderabad,Indian,0.5,2022
Kartik Tyagi ,Sunrisers Hyderabad,Indian,4.0,2022
Shreyas Gopal ,Sunrisers Hyderabad,Indian,0.75,2022
Jagadeesha Suchith ,Sunrisers Hyderabad,Indian,0.2,2022
Aiden Markram ,Sunrisers Hyderabad,Overseas,2.6,2022
Marco Jansen ,Sunrisers Hyderabad,Overseas,4.2,2022
Romario Shepherd ,Sunrisers Hyderabad,Overseas,7.75,2022
Glenn Phillips ,Sunrisers Hyderabad,Overseas,1.5,2022
Fazalhaq Farooqi ,Sunrisers Hyderabad,Overseas,0.5,2022
Sean Abbott ,Sunrisers Hyderabad,Overseas,2.4,2022
R Samarth ,Sunrisers Hyderabad,Indian,0.2,2022
Shashank Singh ,Sunrisers Hyderabad,Indian,0.2,2022
Saurabh Dubey ,Sunrisers Hyderabad,Indian,0.2,2022
Noor Ahmad  ,Chennai Super Kings,Overseas,10.0,2025
Ravichandaran Ashwin,Chennai Super Kings,Indian,9.75,2025
Devon Conway  ,Chennai Super Kings,Overseas,6.25,2025
Syed Khaleel Ahmed,Chennai Super Kings,Indian,4.8,2025
Rachin Ravindra  ,Chennai Super Kings,Overseas,4.0,2025
Anshul Kamboj,Chennai Super Kings,Indian,3.4,2025
Rahul Tripathi,Chennai Super Kings,Indian,3.4,2025
Sam Curran  ,Chennai Super Kings,Overseas,2.4,2025
Gurjapneet Singh,Chennai Super Kings,Indian,2.2,2025
Nathan Ellis  ,Chennai Super Kings,Overseas,2.0,2025
Deepak Hooda,Chennai Super Kings,Indian,1.7,2025
Jamie Overton  ,Chennai Super Kings,Overseas,1.5,2025
Vijay Shankar,Chennai Super Kings,Indian,1.2,2025
Vansh Bedi,Chennai Super Kings,Indian,0.55,2025
Andre Siddarth,Chennai Super Kings,Indian,0.3,2025
Shreyas Gopal,Chennai Super Kings,Indian,0.3,2025
Ramakrishna Ghosh,Chennai Super Kings,Indian,0.3,2025
Kamlesh Nagarkoti,Chennai Super Kings,Indian,0.3,2025
Mukesh Choudhary,Chennai Super Kings,Indian,0.3,2025
Shaik Rasheed,Chennai Super Kings,Indian,0.3,2025
KL Rahul,Delhi Capitals,Indian,14.0,2025
Mitchell Starc  ,Delhi Capitals,Overseas,11.75,2025
T. Natarajan,Delhi Capitals,Indian,10.75,2025
Jake Fraser-Mcgurk  ,Delhi Capitals,Overseas,9.0,2025
Mukesh Kumar,Delhi Capitals,Overseas,8.0,2025
Harry Brook  ,Delhi Capitals,Overseas,6.25,2025
Ashutosh Sharma,Delhi Capitals,Indian,3.8,2025
Mohit Sharma,Delhi Capitals,Indian,2.2,2025
Faf Du Plessis  ,Delhi Capitals,Overseas,2.0,2025
Sameer Rizvi,Delhi Capitals,Indian,0.95,2025
Donovan Ferreira  ,Delhi Capitals,Overseas,0.75,2025
Dushmantha Chameera  ,Delhi Capitals,Overseas,0.75,2025
Vipraj Nigam,Delhi Capitals,Indian,0.5,2025
Karun Nair,Delhi Capitals,Indian,0.5,2025
Madhav Tiwari,Delhi Capitals,Indian,0.4,2025
Tripurana Vijay,Delhi Capitals,Indian,0.3,2025
Manvanth Kumar L,Delhi Capitals,Indian,0.3,2025
Ajay Mandal,Delhi Capitals,Indian,0.3,2025
Darshan Nalkande,Delhi Capitals,Indian,0.3,2025
Jos  Buttler   ,Gujarat Titans,Overseas,15.75,2025
Mohammad Siraj,Gujarat Titans,Indian,12.25,2025
Kagiso Rabada  ,Gujarat Titans,Overseas,10.75,2025
Prasidh Krishna,Gujarat Titans,Indian,9.5,2025
Washington Sundar,Gujarat Titans,Indian,3.2,2025
Sherfane Rutherford  ,Gujarat Titans,Overseas,2.6,2025
Gerald Coetzee  ,Gujarat Titans,Overseas,2.4,2025
Glenn Phillips  ,Gujarat Titans,Overseas,2.0,2025
R. Sai Kishore,Gujarat Titans,Overseas,2.0,2025
Mahipal Lomror,Gujarat Titans,Indian,1.7,2025
Gurnoor Singh Brar,Gujarat Titans,Indian,1.3,2025
Mohd. Arshad Khan,Gujarat Titans,Indian,1.3,2025
Karim Janat  ,Gujarat Titans,Overseas,0.75,2025
Jayant Yadav,Gujarat Titans,Indian,0.75,2025
Ishant Sharma,Gujarat Titans,Indian,0.75,2025
Kumar Kushagra,Gujarat Titans,Indian,0.65,2025
Kulwant Khejroliya,Gujarat Titans,Indian,0.3,2025
Manav Suthar,Gujarat Titans,Indian,0.3,2025
Anuj Rawat,Gujarat Titans,Indian,0.3,2025
Nishant Sindhu,Gujarat Titans,Indian,0.3,2025
Venkatesh Iyer,Kolkata Knight Riders,Indian,23.75,2025
Anrich Nortje  ,Kolkata Knight Riders,Overseas,6.5,2025
Quinton De Kock  ,Kolkata Knight Riders,Overseas,3.6,2025
Angkrish Raghuvanshi,Kolkata Knight Riders,Indian,3.0,2025
Spencer Johnson  ,Kolkata Knight Riders,Overseas,2.8,2025
Moeen Ali  ,Kolkata Knight Riders,Overseas,2.0,2025
Rahmanullah Gurbaz  ,Kolkata Knight Riders,Overseas,2.0,2025
Vaibhav Arora,Kolkata Knight Riders,Indian,1.8,2025
Ajinkya Rahane,Kolkata Knight Riders,Indian,1.5,2025
Rovman Powell  ,Kolkata Knight Riders,Overseas,1.5,2025
Umran  Malik,Kolkata Knight Riders,Indian,0.75,2025
Manish Pandey,Kolkata Knight Riders,Indian,0.75,2025
Anukul Roy,Kolkata Knight Riders,Indian,0.4,2025
Luvnith Sisodia,Kolkata Knight Riders,Indian,0.3,2025
Mayank Markande,Kolkata Knight Riders,Indian,0.3,2025
Rishabh Pant,Lucknow Super Giants,Indian,27.0,2025
Avesh Khan,Lucknow Super Giants,Indian,9.75,2025
Akash Deep,Lucknow Super Giants,Indian,8.0,2025
David Miller  ,Lucknow Super Giants,Overseas,7.5,2025
Abdul Samad,Lucknow Super Giants,Indian,4.2,2025
Mitchell Marsh  ,Lucknow Super Giants,Overseas,3.4,2025
Shahbaz Ahamad,Lucknow Super Giants,Indian,2.4,2025
Aiden Markram  ,Lucknow Super Giants,Overseas,2.0,2025
Matthew Breetzke  ,Lucknow Super Giants,Overseas,0.75,2025
Shamar Joseph  ,Lucknow Super Giants,Overseas,0.75,2025
M. Siddharth,Lucknow Super Giants,Indian,0.75,2025
Arshin Kulkarni,Lucknow Super Giants,Indian,0.3,2025
Rajvardhan Hangargekar,Lucknow Super Giants,Indian,0.3,2025
Yuvraj Chaudhary,Lucknow Super Giants,Indian,0.3,2025
Prince Yadav,Lucknow Super Giants,Indian,0.3,2025
Akash Singh,Lucknow Super Giants,Indian,0.3,2025
Digvesh Singh,Lucknow Super Giants,Indian,0.3,2025
Himmat Singh,Lucknow Super Giants,Indian,0.3,2025
Aryan Juyal,Lucknow Super Giants,Indian,0.3,2025
Trent Boult  ,Mumbai Indians,Overseas,12.5,2025
Deepak Chahar,Mumbai Indians,Indian,9.25,2025
Will Jacks  ,Mumbai Indians,Overseas,5.25,2025
Naman Dhir,Mumbai Indians,Overseas,5.25,2025
Allah  Ghazanfar  ,Mumbai Indians,Overseas,4.8,2025
Mitchell Santner  ,Mumbai Indians,Overseas,2.0,2025
Ryan Rickelton  ,Mumbai Indians,Overseas,1.0,2025
Lizaad Williams  ,Mumbai Indians,Overseas,0.75,2025
Reece Topley  ,Mumbai Indians,Overseas,0.75,2025
Robin Minz,Mumbai Indians,Indian,0.65,2025
Karn Sharma,Mumbai Indians,Indian,0.5,2025
Vignesh Puthur,Mumbai Indians,Indian,0.3,2025
Arjun  Tendulkar,Mumbai Indians,Indian,0.3,2025
Bevan John Jacobs  ,Mumbai Indians,Overseas,0.3,2025
Venkata Satyanarayana Penmetsa,Mumbai Indians,Indian,0.3,2025
Raj Angad Bawa,Mumbai Indians,Indian,0.3,2025
Shrijith Krishnan,Mumbai Indians,Indian,0.3,2025
Ashwani Kumar,Mumbai Indians,Indian,0.3,2025
Shreyas Iyer,Punjab Kings,Indian,26.75,2025
Yuzvendra Chahal,Punjab Kings,Indian,18.0,2025
Arshdeep Singh,Punjab Kings,Overseas,18.0,2025
Marcus Stoinis  ,Punjab Kings,Overseas,11.0,2025
Marco Jansen  ,Punjab Kings,Overseas,7.0,2025
Nehal Wadhera,Punjab Kings,Indian,4.2,2025
Glenn Maxwell  ,Punjab Kings,Overseas,4.2,2025
Priyansh Arya,Punjab Kings,Indian,3.8,2025
Josh Inglis  ,Punjab Kings,Overseas,2.6,2025
Azmatullah Omarzai  ,Punjab Kings,Overseas,2.4,2025
Lockie Ferguson  ,Punjab Kings,Overseas,2.0,2025
Vyshak Vijaykumar,Punjab Kings,Indian,1.8,2025
Yash Thakur,Punjab Kings,Indian,1.6,2025
Harpreet  Brar,Punjab Kings,Indian,1.5,2025
Aaron Hardie  ,Punjab Kings,Overseas,1.25,2025
Vishnu Vinod,Punjab Kings,Indian,0.95,2025
Xavier Bartlett  ,Punjab Kings,Overseas,0.8,2025
Kuldeep  Sen,Punjab Kings,Indian,0.8,2025
Pravin Dubey,Punjab Kings,Indian,0.3,2025
Pyla Avinash,Punjab Kings,Indian,0.3,2025
Suryansh  Shedge ,Punjab Kings,Indian,0.3,2025
Musheer Khan,Punjab Kings,Indian,0.3,2025
Harnoor Pannu,Punjab Kings,Indian,0.3,2025
Jofra Archer  ,Rajasthan Royals,Overseas,12.5,2025
Tushar Deshpande,Rajasthan Royals,Indian,6.5,2025
Wanindu Hasaranga  ,Rajasthan Royals,Overseas,5.25,2025
Maheesh Theekshana  ,Rajasthan Royals,Overseas,4.4,2025
Nitish Rana,Rajasthan Royals,Indian,4.2,2025
Fazalhaq Farooqi  ,Rajasthan Royals,Overseas,2.0,2025
Kwena Maphaka  ,Rajasthan Royals,Overseas,1.5,2025
Akash Madhwal,Rajasthan Royals,Indian,1.2,2025
Vaibhav Suryavanshi,Rajasthan Royals,Indian,1.1,2025
Shubham Dubey,Rajasthan Royals,Indian,0.8,2025
Yudhvir Charak,Rajasthan Royals,Indian,0.35,2025
Ashok Sharma,Rajasthan Royals,Indian,0.3,2025
Kunal Rathore,Rajasthan Royals,Indian,0.3,2025
Kumar Kartikeya Singh,Rajasthan Royals,Indian,0.3,2025
Josh Hazlewood   ,Royal Challengers Bangalore,Overseas,12.5,2025
Phil Salt  ,Royal Challengers Bangalore,Overseas,11.5,2025
Jitesh Sharma,Royal Challengers Bangalore,Indian,11.0,2025
Bhuvneshwar Kumar,Royal Challengers Bangalore,Indian,10.75,2025
Liam Livingstone  ,Royal Challengers Bangalore,Overseas,8.75,2025
Rasikh Dar,Royal Challengers Bangalore,Indian,6.0,2025
Krunal Pandya,Royal Challengers Bangalore,Indian,5.75,2025
Tim David  ,Royal Challengers Bangalore,Overseas,3.0,2025
Jacob Bethell  ,Royal Challengers Bangalore,Overseas,2.6,2025
Suyash Sharma,Royal Challengers Bangalore,Indian,2.6,2025
Devdutt Padikkal,Royal Challengers Bangalore,Indian,2.0,2025
Nuwan Thushara  ,Royal Challengers Bangalore,Overseas,1.6,2025
Romario Shepherd  ,Royal Challengers Bangalore,Overseas,1.5,2025
Lungisani Ngidi  ,Royal Challengers Bangalore,Overseas,1.0,2025
Swapnil Singh,Royal Challengers Bangalore,Overseas,0.5,2025
Mohit Rathee,Royal Challengers Bangalore,Indian,0.3,2025
Abhinandan Singh,Royal Challengers Bangalore,Indian,0.3,2025
Swastik Chhikara,Royal Challengers Bangalore,Indian,0.3,2025
Manoj Bhandage,Royal Challengers Bangalore,Indian,0.3,2025
Ishan Kishan,Sunrisers Hyderabad,Indian,11.25,2025
Mohammad Shami,Sunrisers Hyderabad,Indian,10.0,2025
Harshal Patel,Sunrisers Hyderabad,Indian,8.0,2025
Abhinav Manohar,Sunrisers Hyderabad,Indian,3.2,2025
Rahul Chahar,Sunrisers Hyderabad,Indian,3.2,2025
Adam Zampa  ,Sunrisers Hyderabad,Overseas,2.4,2025
Simarjeet Singh,Sunrisers Hyderabad,Indian,1.5,2025
Eshan Malinga  ,Sunrisers Hyderabad,Overseas,1.2,2025
Brydon Carse  ,Sunrisers Hyderabad,Overseas,1.0,2025
Jaydev Unadkat,Sunrisers Hyderabad,Indian,1.0,2025
Kamindu Mendis  ,Sunrisers Hyderabad,Overseas,0.75,2025
Zeeshan Ansari,Sunrisers Hyderabad,Indian,0.4,2025
Sachin Baby,Sunrisers Hyderabad,Indian,0.3,2025
Aniket Verma,Sunrisers Hyderabad,Indian,0.3,2025
Atharva Taide,Sunrisers Hyderabad,Indian,0.3,2025
